No,Tanggal,Waktu,Latitude (?),Longitude (?),Heading (?),Kecepatan (knot)
1,15/03/2022,17:27,-4.5874,130.0671,107,6.898550725
2,15/03/2022,17:28,-4.5876,130.0677,134,6.898550725
3,15/03/2022,17:29,-4.588,130.0682,163,6.898550725
4,15/03/2022,17:30,-4.5885,130.0683,168,6.898550725
5,15/03/2022,17:31,-4.5891,130.0685,171,6.898550725
6,15/03/2022,17:32,-4.5897,130.0685,173,6.898550725
7,15/03/2022,17:33,-4.5903,130.0686,178,6.898550725
8,15/03/2022,17:34,-4.5909,130.0686,179,6.797101449
9,15/03/2022,17:35,-4.5914,130.0686,180,6.797101449
10,15/03/2022,17:36,-4.5921,130.0686,180,6.797101449
11,15/03/2022,17:37,-4.5926,130.0686,180,6.797101449
12,15/03/2022,17:38,-4.5932,130.0686,180,6.695652174
13,15/03/2022,17:39,-4.5938,130.0686,180,6.695652174
14,15/03/2022,17:40,-4.5944,130.0686,180,6.695652174
15,15/03/2022,17:41,-4.595,130.0686,180,6.695652174
16,15/03/2022,17:42,-4.5956,130.0686,180,6.695652174
17,15/03/2022,17:43,-4.5962,130.0686,180,6.695652174
18,15/03/2022,17:44,-4.5968,130.0686,180,6.695652174
19,15/03/2022,17:45,-4.5974,130.0686,180,6.695652174
20,15/03/2022,17:46,-4.5979,130.0686,180,6.695652174
21,15/03/2022,17:47,-4.5985,130.0686,180,6.695652174
22,15/03/2022,17:48,-4.5991,130.0686,180,6.594202899
23,15/03/2022,17:49,-4.5997,130.0686,180,6.594202899
24,15/03/2022,17:50,-4.6002,130.0686,180,6.594202899
25,15/03/2022,17:51,-4.6008,130.0686,180,6.594202899
26,15/03/2022,17:52,-4.6014,130.0686,180,6.594202899
27,15/03/2022,17:53,-4.602,130.0686,180,6.594202899
28,15/03/2022,17:54,-4.6026,130.0686,180,6.594202899
29,15/03/2022,17:55,-4.6031,130.0686,180,6.594202899
30,15/03/2022,17:56,-4.6038,130.0686,180,6.594202899
31,15/03/2022,17:57,-4.6044,130.0686,180,6.594202899
32,15/03/2022,17:58,-4.6049,130.0686,180,6.594202899
33,15/03/2022,17:59,-4.6055,130.0686,180,6.594202899
34,15/03/2022,18:00,-4.6061,130.0686,180,6.594202899
35,15/03/2022,18:01,-4.6067,130.0686,180,6.594202899
36,15/03/2022,18:02,-4.6073,130.0686,180,6.594202899
37,15/03/2022,18:03,-4.6079,130.0686,180,6.594202899
38,15/03/2022,18:04,-4.6084,130.0686,180,6.594202899
39,15/03/2022,18:05,-4.609,130.0686,180,6.594202899
40,15/03/2022,18:06,-4.6096,130.0686,180,6.594202899
41,15/03/2022,18:07,-4.6102,130.0686,180,6.492753623
42,15/03/2022,18:08,-4.6108,130.0686,180,6.492753623
43,15/03/2022,18:09,-4.6114,130.0686,180,6.492753623
44,15/03/2022,18:10,-4.6119,130.0686,180,6.492753623
45,15/03/2022,18:11,-4.6125,130.0686,180,6.391304348
46,15/03/2022,18:12,-4.6131,130.0686,180,6.391304348
47,15/03/2022,18:13,-4.6137,130.0686,180,6.391304348
48,15/03/2022,18:14,-4.6143,130.0686,180,6.391304348
49,15/03/2022,18:15,-4.6149,130.0686,180,6.391304348
50,15/03/2022,18:16,-4.6155,130.0686,180,6.391304348
51,15/03/2022,18:17,-4.616,130.0686,180,6.391304348
52,15/03/2022,18:18,-4.6166,130.0686,180,6.391304348
53,15/03/2022,18:19,-4.6172,130.0686,180,6.391304348
54,15/03/2022,18:20,-4.6178,130.0686,180,6.289855072
55,15/03/2022,18:21,-4.6183,130.0686,180,6.289855072
56,15/03/2022,18:22,-4.6189,130.0686,180,6.289855072
57,15/03/2022,18:23,-4.6195,130.0686,180,6.289855072
58,15/03/2022,18:24,-4.6201,130.0686,180,6.289855072
59,15/03/2022,18:25,-4.6207,130.0686,180,6.289855072
60,15/03/2022,18:26,-4.6213,130.0686,180,6.188405797
61,15/03/2022,18:27,-4.6219,130.0686,180,6.188405797
62,15/03/2022,18:28,-4.6225,130.0686,180,6.188405797
63,15/03/2022,18:29,-4.623,130.0686,180,6.188405797
64,15/03/2022,18:30,-4.6236,130.0686,155,6.188405797
65,15/03/2022,18:31,-4.6241,130.0689,138,6.188405797
66,15/03/2022,18:32,-4.6245,130.0692,128,6.188405797
67,15/03/2022,18:33,-4.6248,130.0697,120,6.188405797
68,15/03/2022,18:34,-4.6251,130.0701,115,6.188405797
69,15/03/2022,18:35,-4.6253,130.0706,106,6.188405797
70,15/03/2022,18:36,-4.6255,130.0711,102,6.188405797
71,15/03/2022,18:37,-4.6256,130.0717,101,6.188405797
72,15/03/2022,18:38,-4.6257,130.0722,98,6.188405797
73,15/03/2022,18:39,-4.6258,130.0727,97,6.086956522
74,15/03/2022,18:40,-4.6258,130.0733,100,6.086956522
75,15/03/2022,18:41,-4.6259,130.0738,104,6.086956522
76,15/03/2022,18:42,-4.626,130.0743,108,6.086956522
77,15/03/2022,18:43,-4.6262,130.0748,101,6.086956522
78,15/03/2022,18:44,-4.6263,130.0753,98,6.086956522
79,15/03/2022,18:45,-4.6264,130.0759,98,6.086956522
80,15/03/2022,18:46,-4.6265,130.0764,95,6.086956522
81,15/03/2022,18:47,-4.6265,130.0769,98,6.086956522
82,15/03/2022,18:48,-4.6266,130.0774,102,5.985507246
83,15/03/2022,18:49,-4.6267,130.0779,101,5.985507246
84,15/03/2022,18:50,-4.6268,130.0785,98,5.985507246
85,15/03/2022,18:51,-4.6269,130.079,100,5.985507246
86,15/03/2022,18:52,-4.6269,130.0796,98,5.985507246
87,15/03/2022,18:53,-4.627,130.0801,97,5.985507246
88,15/03/2022,18:54,-4.6271,130.0806,98,5.985507246
89,15/03/2022,18:55,-4.6272,130.0811,99,5.985507246
90,15/03/2022,18:56,-4.6272,130.0817,96,5.884057971
91,15/03/2022,18:57,-4.6273,130.0822,107,5.884057971
92,15/03/2022,18:58,-4.6274,130.0827,102,5.884057971
93,15/03/2022,18:59,-4.6276,130.0832,100,5.884057971
94,15/03/2022,19:00,-4.6277,130.0838,103,5.884057971
95,15/03/2022,19:01,-4.6278,130.0843,99,5.884057971
96,15/03/2022,19:02,-4.6278,130.0848,106,5.884057971
97,15/03/2022,19:03,-4.628,130.0854,99,5.884057971
98,15/03/2022,19:04,-4.6281,130.0859,98,5.884057971
99,15/03/2022,19:05,-4.6282,130.0864,97,5.884057971
100,15/03/2022,19:06,-4.6282,130.0869,94,5.884057971
101,15/03/2022,19:07,-4.6283,130.0874,101,5.782608696
102,15/03/2022,19:08,-4.6284,130.0879,96,5.782608696
103,15/03/2022,19:09,-4.6284,130.0885,95,5.782608696
104,15/03/2022,19:10,-4.6285,130.089,101,5.782608696
105,15/03/2022,19:11,-4.6286,130.0895,98,5.782608696
106,15/03/2022,19:12,-4.6286,130.0901,103,5.782608696
107,15/03/2022,19:13,-4.6288,130.0906,98,5.782608696
108,15/03/2022,19:14,-4.6288,130.0911,95,5.782608696
109,15/03/2022,19:15,-4.6289,130.0917,99,5.782608696
110,15/03/2022,19:16,-4.629,130.0922,106,5.782608696
111,15/03/2022,19:17,-4.6291,130.0927,103,5.782608696
112,15/03/2022,19:18,-4.6292,130.0932,97,5.782608696
113,15/03/2022,19:19,-4.6293,130.0938,100,5.782608696
114,15/03/2022,19:20,-4.6294,130.0943,100,5.782608696
115,15/03/2022,19:21,-4.6295,130.0948,101,5.782608696
116,15/03/2022,19:22,-4.6296,130.0954,103,5.782608696
117,15/03/2022,19:23,-4.6297,130.0959,98,5.68115942
118,15/03/2022,19:24,-4.6298,130.0964,108,5.68115942
119,15/03/2022,19:25,-4.63,130.0969,97,5.68115942
120,15/03/2022,19:26,-4.63,130.0974,106,5.68115942
121,15/03/2022,19:27,-4.6302,130.0979,95,5.68115942
122,15/03/2022,19:28,-4.6302,130.0984,99,5.579710145
123,15/03/2022,19:29,-4.6303,130.0989,97,5.579710145
124,15/03/2022,19:30,-4.6303,130.0995,99,5.579710145
125,15/03/2022,19:31,-4.6304,130.1,97,5.47826087
126,15/03/2022,19:32,-4.6305,130.1005,98,5.47826087
127,15/03/2022,19:33,-4.6306,130.101,117,5.47826087
128,15/03/2022,19:34,-4.6308,130.1015,131,5.47826087
129,15/03/2022,19:35,-4.6311,130.1018,165,5.47826087
130,15/03/2022,19:36,-4.6316,130.1019,171,5.47826087
131,15/03/2022,19:37,-4.632,130.102,174,5.47826087
132,15/03/2022,19:38,-4.6325,130.1021,177,5.47826087
133,15/03/2022,19:39,-4.633,130.1021,178,5.47826087
134,15/03/2022,19:40,-4.6334,130.1021,178,5.47826087
135,15/03/2022,19:41,-4.6339,130.1021,180,5.47826087
136,15/03/2022,19:42,-4.6344,130.1021,180,5.47826087
137,15/03/2022,19:43,-4.6349,130.1021,180,5.376811594
138,15/03/2022,19:44,-4.6353,130.1021,180,5.376811594
139,15/03/2022,19:45,-4.6358,130.1021,180,5.376811594
140,15/03/2022,19:46,-4.6363,130.1021,180,5.376811594
141,15/03/2022,19:47,-4.6368,130.1021,180,5.376811594
142,15/03/2022,19:48,-4.6372,130.1021,180,5.376811594
143,15/03/2022,19:49,-4.6377,130.1021,180,5.376811594
144,15/03/2022,19:50,-4.6382,130.1021,180,5.376811594
145,15/03/2022,19:51,-4.6386,130.1021,180,5.376811594
146,15/03/2022,19:52,-4.6391,130.1021,180,5.376811594
147,15/03/2022,19:53,-4.6396,130.1021,180,5.376811594
148,15/03/2022,19:54,-4.6401,130.1021,180,5.376811594
149,15/03/2022,19:55,-4.6405,130.1021,180,5.376811594
150,15/03/2022,19:56,-4.641,130.1021,180,5.275362319
151,15/03/2022,19:57,-4.6415,130.1021,180,5.275362319
152,15/03/2022,19:58,-4.642,130.1021,180,5.275362319
153,15/03/2022,19:59,-4.6424,130.1021,180,5.275362319
154,15/03/2022,20:00,-4.6429,130.1021,180,5.275362319
155,15/03/2022,20:01,-4.6436,130.1021,180,5.275362319
156,15/03/2022,20:02,-4.6439,130.1021,180,5.275362319
157,15/03/2022,20:03,-4.6443,130.1021,180,5.275362319
158,15/03/2022,20:04,-4.6448,130.1021,180,5.275362319
159,15/03/2022,20:05,-4.6453,130.1021,180,5.275362319
160,15/03/2022,20:06,-4.6457,130.1021,180,5.275362319
161,15/03/2022,20:07,-4.6462,130.1021,180,5.173913043
162,15/03/2022,20:08,-4.6467,130.1021,180,5.173913043
163,15/03/2022,20:09,-4.6472,130.1021,180,5.173913043
164,15/03/2022,20:10,-4.6476,130.1021,180,5.173913043
165,15/03/2022,20:11,-4.6481,130.1021,180,5.173913043
166,15/03/2022,20:12,-4.6486,130.1021,180,5.173913043
167,15/03/2022,20:13,-4.6491,130.1021,180,5.173913043
168,15/03/2022,20:14,-4.6496,130.1021,180,5.173913043
169,15/03/2022,20:15,-4.65,130.1021,180,5.173913043
170,15/03/2022,20:16,-4.6505,130.1021,180,5.173913043
171,15/03/2022,20:17,-4.651,130.1021,180,5.173913043
172,15/03/2022,20:18,-4.6514,130.1021,180,5.173913043
173,15/03/2022,20:19,-4.6519,130.1021,180,5.173913043
174,15/03/2022,20:20,-4.6524,130.1021,180,5.173913043
175,15/03/2022,20:21,-4.6528,130.1021,180,5.173913043
176,15/03/2022,20:22,-4.6533,130.1021,180,5.173913043
177,15/03/2022,20:23,-4.6538,130.1021,180,5.173913043
178,15/03/2022,20:24,-4.6542,130.1021,180,5.173913043
179,15/03/2022,20:25,-4.6547,130.1021,180,5.173913043
180,15/03/2022,20:26,-4.6552,130.1021,180,5.173913043
181,15/03/2022,20:27,-4.6556,130.1021,180,5.173913043
182,15/03/2022,20:28,-4.6561,130.1021,180,5.173913043
183,15/03/2022,20:29,-4.6566,130.1021,180,5.173913043
184,15/03/2022,20:30,-4.6571,130.1021,180,5.072463768
185,15/03/2022,20:31,-4.6575,130.1021,180,5.072463768
186,15/03/2022,20:32,-4.658,130.1021,180,4.971014493
187,15/03/2022,20:33,-4.6585,130.1021,180,4.971014493
188,15/03/2022,20:34,-4.659,130.1021,180,4.971014493
189,15/03/2022,20:35,-4.6595,130.1021,180,4.971014493
190,15/03/2022,20:36,-4.6599,130.1021,180,4.869565217
191,15/03/2022,20:37,-4.6604,130.1021,180,4.869565217
192,15/03/2022,20:38,-4.6608,130.1021,180,4.869565217
193,15/03/2022,20:39,-4.6612,130.1021,180,4.869565217
194,15/03/2022,20:40,-4.6616,130.1021,180,4.869565217
195,15/03/2022,20:41,-4.6621,130.1021,180,4.869565217
196,15/03/2022,20:42,-4.6625,130.1021,180,4.869565217
197,15/03/2022,20:43,-4.6629,130.1021,180,4.869565217
198,15/03/2022,20:44,-4.6634,130.1021,180,4.869565217
199,15/03/2022,20:45,-4.6638,130.1021,180,4.869565217
200,15/03/2022,20:46,-4.6642,130.1021,180,4.869565217
201,15/03/2022,20:47,-4.6646,130.1021,180,4.869565217
202,15/03/2022,20:48,-4.6651,130.1021,180,4.869565217
203,15/03/2022,20:49,-4.6655,130.1021,180,4.768115942
204,15/03/2022,20:50,-4.6659,130.1021,180,4.768115942
205,15/03/2022,20:51,-4.6663,130.1021,180,4.768115942
206,15/03/2022,20:52,-4.6667,130.1021,180,4.768115942
207,15/03/2022,20:53,-4.6672,130.1021,180,4.768115942
208,15/03/2022,20:54,-4.6676,130.1021,180,4.768115942
209,15/03/2022,20:55,-4.668,130.1021,180,4.768115942
210,15/03/2022,20:56,-4.6684,130.1021,180,4.768115942
211,15/03/2022,20:57,-4.6688,130.1021,180,4.768115942
212,15/03/2022,20:58,-4.6693,130.1021,180,4.768115942
213,15/03/2022,20:59,-4.6697,130.1021,180,4.768115942
214,15/03/2022,21:00,-4.6701,130.1021,180,4.768115942
215,15/03/2022,21:01,-4.6705,130.1021,180,4.768115942
216,15/03/2022,21:02,-4.671,130.1021,180,4.768115942
217,15/03/2022,21:03,-4.6714,130.1021,180,4.768115942
218,15/03/2022,21:04,-4.6718,130.1021,180,4.768115942
219,15/03/2022,21:05,-4.6722,130.1021,180,4.768115942
220,15/03/2022,21:06,-4.6727,130.1021,180,4.666666667
221,15/03/2022,21:07,-4.6731,130.1021,180,4.666666667
222,15/03/2022,21:08,-4.6735,130.1021,180,4.666666667
223,15/03/2022,21:09,-4.6739,130.1021,180,4.666666667
224,15/03/2022,21:10,-4.6743,130.1021,180,4.666666667
225,15/03/2022,21:11,-4.6748,130.1021,180,4.666666667
226,15/03/2022,21:12,-4.6752,130.1021,180,4.666666667
227,15/03/2022,21:13,-4.6757,130.1021,180,4.666666667
228,15/03/2022,21:14,-4.6761,130.1021,180,4.666666667
229,15/03/2022,21:15,-4.6765,130.1021,180,4.666666667
230,15/03/2022,21:16,-4.6769,130.1021,180,4.666666667
231,15/03/2022,21:17,-4.6773,130.1021,180,4.666666667
232,15/03/2022,21:18,-4.6777,130.1021,180,4.666666667
233,15/03/2022,21:19,-4.6781,130.1021,180,4.666666667
234,15/03/2022,21:20,-4.6786,130.1021,180,4.666666667
235,15/03/2022,21:21,-4.679,130.1021,180,4.565217391
236,15/03/2022,21:22,-4.6794,130.1021,180,4.565217391
237,15/03/2022,21:23,-4.6798,130.1021,180,4.565217391
238,15/03/2022,21:24,-4.6803,130.1021,180,4.565217391
239,15/03/2022,21:25,-4.6807,130.1021,180,4.565217391
240,15/03/2022,21:26,-4.6811,130.1021,180,4.565217391
241,15/03/2022,21:27,-4.6815,130.1021,180,4.565217391
242,15/03/2022,21:28,-4.6819,130.1021,180,4.565217391
243,15/03/2022,21:29,-4.6824,130.1021,180,4.565217391
244,15/03/2022,21:30,-4.6828,130.1021,180,4.565217391
245,15/03/2022,21:31,-4.6832,130.1021,180,4.565217391
246,15/03/2022,21:32,-4.6836,130.1021,180,4.565217391
247,15/03/2022,21:33,-4.684,130.1021,180,4.565217391
248,15/03/2022,21:34,-4.6844,130.1021,180,4.565217391
249,15/03/2022,21:35,-4.6849,130.1021,180,4.565217391
250,15/03/2022,21:36,-4.6853,130.1021,180,4.565217391
251,15/03/2022,21:37,-4.6857,130.1021,180,4.565217391
252,15/03/2022,21:38,-4.6861,130.1021,180,4.565217391
253,15/03/2022,21:39,-4.6865,130.1021,180,4.463768116
254,15/03/2022,21:40,-4.6869,130.1021,180,4.463768116
255,15/03/2022,21:41,-4.6873,130.1021,180,4.463768116
256,15/03/2022,21:42,-4.6877,130.1021,180,4.463768116
257,15/03/2022,21:43,-4.6881,130.1021,180,4.463768116
258,15/03/2022,21:44,-4.6885,130.1021,180,4.463768116
259,15/03/2022,21:45,-4.6889,130.1021,180,4.463768116
260,15/03/2022,21:46,-4.6893,130.1021,180,4.463768116
261,15/03/2022,21:47,-4.6897,130.1021,180,4.463768116
262,15/03/2022,21:48,-4.6901,130.1021,180,4.463768116
263,15/03/2022,21:49,-4.6904,130.1021,180,4.463768116
264,15/03/2022,21:50,-4.6908,130.1021,180,4.463768116
265,15/03/2022,21:51,-4.6912,130.1021,180,4.362318841
266,15/03/2022,21:52,-4.6916,130.1021,180,4.362318841
267,15/03/2022,21:53,-4.692,130.1021,180,4.362318841
268,15/03/2022,21:54,-4.6924,130.1021,180,4.362318841
269,15/03/2022,21:55,-4.6928,130.1021,180,4.362318841
270,15/03/2022,21:56,-4.6932,130.1021,180,4.362318841
271,15/03/2022,21:57,-4.6936,130.1021,180,4.362318841
272,15/03/2022,21:58,-4.6939,130.1021,180,4.362318841
273,15/03/2022,21:59,-4.6943,130.1021,180,4.362318841
274,15/03/2022,22:00,-4.6947,130.1021,180,4.362318841
275,15/03/2022,22:01,-4.6951,130.1021,180,4.362318841
276,15/03/2022,22:02,-4.6955,130.1021,180,4.260869565
277,15/03/2022,22:03,-4.6959,130.1021,180,4.260869565
278,15/03/2022,22:04,-4.6962,130.1021,180,4.260869565
279,15/03/2022,22:05,-4.6966,130.1021,180,4.260869565
280,15/03/2022,22:06,-4.697,130.1021,180,4.260869565
281,15/03/2022,22:07,-4.6974,130.1021,180,4.260869565
282,15/03/2022,22:08,-4.6978,130.1021,180,4.260869565
283,15/03/2022,22:09,-4.6981,130.1021,180,4.260869565
284,15/03/2022,22:10,-4.6985,130.1021,180,4.260869565
285,15/03/2022,22:11,-4.6989,130.1021,180,4.260869565
286,15/03/2022,22:12,-4.6993,130.1021,180,4.260869565
287,15/03/2022,22:13,-4.6997,130.1021,180,4.15942029
288,15/03/2022,22:14,-4.7,130.1021,180,4.15942029
289,15/03/2022,22:15,-4.7004,130.1021,180,4.15942029
290,15/03/2022,22:16,-4.7008,130.1021,180,4.15942029
291,15/03/2022,22:17,-4.7011,130.1021,180,4.15942029
292,15/03/2022,22:18,-4.7015,130.1021,180,4.15942029
293,15/03/2022,22:19,-4.7019,130.1021,180,4.15942029
294,15/03/2022,22:20,-4.7022,130.1021,180,4.15942029
295,15/03/2022,22:21,-4.7026,130.1021,180,4.15942029
296,15/03/2022,22:22,-4.703,130.1021,180,4.15942029
297,15/03/2022,22:23,-4.7033,130.1021,180,4.15942029
298,15/03/2022,22:24,-4.7037,130.1021,180,4.15942029
299,15/03/2022,22:25,-4.7041,130.1021,180,4.15942029
300,15/03/2022,22:26,-4.7044,130.1021,180,4.15942029
301,15/03/2022,22:27,-4.7048,130.1021,180,4.15942029
302,15/03/2022,22:28,-4.7052,130.1021,180,4.15942029
303,15/03/2022,22:29,-4.7055,130.1021,180,4.15942029
304,15/03/2022,22:30,-4.7059,130.1021,180,4.15942029
305,15/03/2022,22:31,-4.7062,130.1021,180,4.15942029
306,15/03/2022,22:32,-4.7066,130.1021,180,4.15942029
307,15/03/2022,22:33,-4.7069,130.1021,180,4.15942029
308,15/03/2022,22:34,-4.7073,130.1021,180,4.15942029
309,15/03/2022,22:35,-4.7077,130.1021,180,4.15942029
310,15/03/2022,22:36,-4.708,130.1021,180,4.15942029
311,15/03/2022,22:37,-4.7084,130.1021,180,4.15942029
312,15/03/2022,22:38,-4.7087,130.1021,180,4.15942029
313,15/03/2022,22:39,-4.7091,130.1021,180,4.15942029
314,15/03/2022,22:40,-4.7094,130.1021,180,4.15942029
315,15/03/2022,22:41,-4.7098,130.1021,180,4.15942029
316,15/03/2022,22:42,-4.7101,130.1021,180,4.15942029
317,15/03/2022,22:43,-4.7105,130.1021,180,4.15942029
318,15/03/2022,22:44,-4.7108,130.1021,180,4.15942029
319,15/03/2022,22:45,-4.7111,130.1021,180,4.15942029
320,15/03/2022,22:46,-4.7115,130.1021,180,4.15942029
321,15/03/2022,22:47,-4.7118,130.1021,180,4.15942029
322,15/03/2022,22:48,-4.7122,130.1021,180,4.15942029
323,15/03/2022,22:49,-4.7125,130.1021,180,4.15942029
324,15/03/2022,22:50,-4.7128,130.1021,180,4.15942029
325,15/03/2022,22:51,-4.7132,130.1021,180,4.15942029
326,15/03/2022,22:52,-4.7135,130.1021,180,4.15942029
327,15/03/2022,22:53,-4.7139,130.1021,180,4.15942029
328,15/03/2022,22:54,-4.7142,130.1021,180,4.15942029
329,15/03/2022,22:55,-4.7146,130.1021,180,4.15942029
330,15/03/2022,22:56,-4.7149,130.1021,180,4.15942029
331,15/03/2022,22:57,-4.7152,130.1021,180,4.15942029
332,15/03/2022,22:58,-4.7156,130.1021,180,4.15942029
333,15/03/2022,22:59,-4.7159,130.1021,180,4.15942029
334,15/03/2022,23:00,-4.7162,130.1021,180,4.15942029
335,15/03/2022,23:01,-4.7166,130.1021,180,4.15942029
336,15/03/2022,23:02,-4.7169,130.1021,180,4.15942029
337,15/03/2022,23:03,-4.7172,130.1021,180,4.15942029
338,15/03/2022,23:04,-4.7176,130.1021,180,4.15942029
339,15/03/2022,23:05,-4.7179,130.1021,180,4.15942029
340,15/03/2022,23:06,-4.7182,130.1021,180,4.15942029
341,15/03/2022,23:07,-4.7185,130.1021,180,4.15942029
342,15/03/2022,23:08,-4.7189,130.1021,180,4.15942029
343,15/03/2022,23:09,-4.7192,130.1021,180,4.15942029
344,15/03/2022,23:10,-4.7195,130.1021,180,4.15942029
345,15/03/2022,23:11,-4.7198,130.1021,180,4.15942029
346,15/03/2022,23:12,-4.7201,130.1021,180,4.15942029
347,15/03/2022,23:13,-4.7205,130.1021,180,4.15942029
348,15/03/2022,23:14,-4.7208,130.1021,180,4.15942029
349,15/03/2022,23:15,-4.7211,130.1021,180,4.15942029
350,15/03/2022,23:16,-4.7214,130.1021,180,4.15942029
351,15/03/2022,23:17,-4.7218,130.1021,180,4.15942029
352,15/03/2022,23:18,-4.7221,130.1021,180,4.15942029
353,15/03/2022,23:19,-4.7224,130.1021,180,4.15942029
354,15/03/2022,23:20,-4.7227,130.1021,180,4.15942029
355,15/03/2022,23:21,-4.723,130.1021,180,4.15942029
356,15/03/2022,23:22,-4.7233,130.1021,180,4.15942029
357,15/03/2022,23:23,-4.7237,130.1021,180,4.15942029
358,15/03/2022,23:24,-4.724,130.1021,180,4.15942029
359,15/03/2022,23:25,-4.7243,130.1021,180,4.15942029
360,15/03/2022,23:26,-4.7246,130.1021,180,4.15942029
361,15/03/2022,23:27,-4.7249,130.1021,180,4.15942029
362,15/03/2022,23:28,-4.7252,130.1021,180,4.15942029
363,15/03/2022,23:29,-4.7255,130.1021,180,4.15942029
364,15/03/2022,23:30,-4.7258,130.1021,180,4.15942029
365,15/03/2022,23:31,-4.7261,130.1021,180,4.15942029
366,15/03/2022,23:32,-4.7264,130.1021,180,4.15942029
367,15/03/2022,23:33,-4.7268,130.1021,180,4.15942029
368,15/03/2022,23:34,-4.7271,130.1021,180,4.15942029
369,15/03/2022,23:35,-4.7274,130.1021,180,4.15942029
370,15/03/2022,23:36,-4.7277,130.1021,180,4.15942029
371,15/03/2022,23:37,-4.728,130.1021,180,4.15942029
372,15/03/2022,23:38,-4.7283,130.1021,180,4.15942029
373,15/03/2022,23:39,-4.7286,130.1021,180,4.15942029
374,15/03/2022,23:40,-4.7289,130.1021,180,4.15942029
375,15/03/2022,23:41,-4.7292,130.1021,180,4.15942029
376,15/03/2022,23:42,-4.7295,130.1021,180,4.15942029
377,15/03/2022,23:43,-4.7298,130.1021,180,4.15942029
378,15/03/2022,23:44,-4.7301,130.1021,180,4.15942029
379,15/03/2022,23:45,-4.7304,130.1021,180,4.15942029
380,15/03/2022,23:46,-4.7307,130.1021,180,4.15942029
381,15/03/2022,23:47,-4.731,130.1021,180,4.15942029
382,15/03/2022,23:48,-4.7312,130.1021,180,4.15942029
383,15/03/2022,23:49,-4.7315,130.1021,180,4.15942029
384,15/03/2022,23:50,-4.7318,130.1021,180,4.15942029
385,15/03/2022,23:51,-4.7321,130.1021,180,4.15942029
386,15/03/2022,23:52,-4.7324,130.1021,180,4.15942029
387,15/03/2022,23:53,-4.7327,130.1021,180,4.15942029
388,15/03/2022,23:54,-4.733,130.1021,180,4.15942029
389,15/03/2022,23:55,-4.7333,130.1021,180,4.15942029
390,15/03/2022,23:56,-4.7335,130.1021,180,4.15942029
391,15/03/2022,23:57,-4.7338,130.1021,180,4.15942029
392,15/03/2022,23:58,-4.7341,130.1021,180,4.15942029
393,15/03/2022,23:59,-4.7344,130.1021,180,4.15942029
394,16/03/2022,0:00,-4.7347,130.1021,180,4.15942029
395,16/03/2022,0:01,-4.7349,130.1021,180,4.15942029
396,16/03/2022,0:02,-4.7352,130.1021,180,4.15942029
397,16/03/2022,0:03,-4.7355,130.1021,180,4.15942029
398,16/03/2022,0:04,-4.7358,130.1021,180,4.15942029
399,16/03/2022,0:05,-4.7361,130.1021,180,4.15942029
400,16/03/2022,0:06,-4.7363,130.1021,180,4.15942029
401,16/03/2022,0:07,-4.7366,130.1021,180,4.15942029
402,16/03/2022,0:08,-4.7369,130.1021,180,4.15942029
403,16/03/2022,0:09,-4.7372,130.1021,180,4.15942029
404,16/03/2022,0:10,-4.7374,130.1021,180,4.15942029
405,16/03/2022,0:11,-4.7377,130.1021,180,4.15942029
406,16/03/2022,0:12,-4.738,130.1021,180,4.15942029
407,16/03/2022,0:13,-4.7382,130.1021,180,4.15942029
408,16/03/2022,0:14,-4.7385,130.1021,180,4.15942029
409,16/03/2022,0:15,-4.7388,130.1021,180,4.15942029
410,16/03/2022,0:16,-4.7391,130.1021,180,4.15942029
411,16/03/2022,0:17,-4.7393,130.1021,180,4.15942029
412,16/03/2022,0:18,-4.7396,130.1021,180,4.15942029
413,16/03/2022,0:19,-4.7399,130.1021,180,4.15942029
414,16/03/2022,0:20,-4.7401,130.1021,180,4.15942029
415,16/03/2022,0:21,-4.7404,130.1021,180,4.15942029
416,16/03/2022,0:22,-4.7407,130.1021,180,4.15942029
417,16/03/2022,0:23,-4.7409,130.1021,180,4.15942029
418,16/03/2022,0:24,-4.7412,130.1021,180,4.15942029
419,16/03/2022,0:25,-4.7414,130.1021,180,4.15942029
420,16/03/2022,0:26,-4.7417,130.1021,180,4.15942029
421,16/03/2022,0:27,-4.742,130.1021,180,4.15942029
422,16/03/2022,0:28,-4.7422,130.1021,180,4.15942029
423,16/03/2022,0:29,-4.7425,130.1021,180,4.15942029
424,16/03/2022,0:30,-4.7427,130.1021,180,4.15942029
425,16/03/2022,0:31,-4.743,130.1021,180,4.15942029
426,16/03/2022,0:32,-4.7432,130.1021,180,4.15942029
427,16/03/2022,0:33,-4.7435,130.1021,180,4.15942029
428,16/03/2022,0:34,-4.7437,130.1021,180,4.15942029
429,16/03/2022,0:35,-4.744,130.1021,180,4.15942029
430,16/03/2022,0:36,-4.7442,130.1021,180,4.15942029
431,16/03/2022,0:37,-4.7445,130.1021,180,4.15942029
432,16/03/2022,0:38,-4.7447,130.1021,180,4.15942029
433,16/03/2022,0:39,-4.745,130.1021,180,4.15942029
434,16/03/2022,0:40,-4.7452,130.1021,180,4.15942029
435,16/03/2022,0:41,-4.7455,130.1021,180,4.15942029
436,16/03/2022,0:42,-4.7457,130.1021,180,4.15942029
437,16/03/2022,0:43,-4.746,130.1021,180,4.15942029
438,16/03/2022,0:44,-4.7462,130.1021,180,4.15942029
439,16/03/2022,0:45,-4.7465,130.1021,180,4.15942029
440,16/03/2022,0:46,-4.7467,130.1021,180,4.15942029
441,16/03/2022,0:47,-4.747,130.1021,180,4.15942029
442,16/03/2022,0:48,-4.7472,130.1021,180,4.15942029
443,16/03/2022,0:49,-4.7474,130.1021,180,4.15942029
444,16/03/2022,0:50,-4.7474,130.1021,180,4.15942029
445,16/03/2022,0:51,-4.7479,130.1021,180,4.15942029
446,16/03/2022,0:52,-4.7481,130.1021,180,4.15942029
447,16/03/2022,0:53,-4.7484,130.1021,180,4.15942029
448,16/03/2022,0:54,-4.7486,130.1021,180,4.15942029
449,16/03/2022,0:55,-4.7488,130.1021,180,4.15942029
450,16/03/2022,0:56,-4.7491,130.1021,180,4.15942029
451,16/03/2022,0:57,-4.7493,130.1021,180,4.15942029
452,16/03/2022,0:58,-4.7495,130.1021,180,4.15942029
453,16/03/2022,0:59,-4.7498,130.1021,180,4.15942029
454,16/03/2022,1:00,-4.75,130.1021,180,4.15942029
455,16/03/2022,1:01,-4.7502,130.1021,180,4.15942029
456,16/03/2022,1:02,-4.7505,130.1021,180,4.15942029
457,16/03/2022,1:03,-4.7507,130.1021,180,4.15942029
458,16/03/2022,1:04,-4.7509,130.1021,180,4.15942029
459,16/03/2022,1:05,-4.7511,130.1021,180,4.15942029
460,16/03/2022,1:06,-4.7514,130.1021,180,4.15942029
461,16/03/2022,1:07,-4.7516,130.1021,180,4.15942029
462,16/03/2022,1:08,-4.7518,130.1021,180,4.15942029
463,16/03/2022,1:09,-4.752,130.1021,180,4.15942029
464,16/03/2022,1:10,-4.7523,130.1021,180,4.15942029
465,16/03/2022,1:11,-4.7525,130.1021,180,4.15942029
466,16/03/2022,1:12,-4.7527,130.1021,180,4.15942029
467,16/03/2022,1:13,-4.7529,130.1021,180,4.15942029
468,16/03/2022,1:14,-4.7531,130.1021,180,4.15942029
469,16/03/2022,1:15,-4.7533,130.1021,180,4.15942029
470,16/03/2022,1:16,-4.7536,130.1021,180,4.15942029
471,16/03/2022,1:17,-4.7538,130.1021,180,4.15942029
472,16/03/2022,1:18,-4.754,130.1021,180,4.15942029
473,16/03/2022,1:19,-4.7542,130.1021,180,4.15942029
474,16/03/2022,1:20,-4.7544,130.1021,180,4.15942029
475,16/03/2022,1:21,-4.7546,130.1021,180,4.15942029
476,16/03/2022,1:22,-4.7548,130.1021,180,4.15942029
477,16/03/2022,1:23,-4.7551,130.1021,180,4.15942029
478,16/03/2022,1:24,-4.7553,130.1021,180,4.15942029
479,16/03/2022,1:25,-4.7555,130.1021,180,4.15942029
480,16/03/2022,1:26,-4.7557,130.1021,180,4.15942029
481,16/03/2022,1:27,-4.7559,130.1021,180,4.15942029
482,16/03/2022,1:28,-4.7561,130.1021,180,4.15942029
483,16/03/2022,1:29,-4.7563,130.1021,180,4.15942029
484,16/03/2022,1:30,-4.7565,130.1021,180,4.15942029
485,16/03/2022,1:31,-4.7567,130.1021,180,4.15942029
486,16/03/2022,1:32,-4.7569,130.1021,180,4.15942029
487,16/03/2022,1:33,-4.7571,130.1021,180,4.15942029
488,16/03/2022,1:34,-4.7573,130.1021,180,4.15942029
489,16/03/2022,1:35,-4.7575,130.1021,180,4.15942029
490,16/03/2022,1:36,-4.7577,130.1021,180,4.15942029
491,16/03/2022,1:37,-4.7579,130.1021,180,4.15942029
492,16/03/2022,1:38,-4.7581,130.1021,180,4.15942029
493,16/03/2022,1:39,-4.7583,130.1021,180,4.15942029
494,16/03/2022,1:40,-4.7585,130.1021,180,4.15942029
495,16/03/2022,1:41,-4.7587,130.1021,180,4.15942029
496,16/03/2022,1:42,-4.7589,130.1021,180,4.15942029
497,16/03/2022,1:43,-4.7591,130.1021,180,4.15942029
498,16/03/2022,1:44,-4.7593,130.1021,180,4.15942029
499,16/03/2022,1:45,-4.7595,130.1021,180,4.15942029
500,16/03/2022,1:46,-4.7597,130.1021,180,4.15942029
501,16/03/2022,1:47,-4.7599,130.1021,180,4.15942029
502,16/03/2022,1:48,-4.7601,130.1021,180,4.15942029
503,16/03/2022,1:49,-4.7603,130.1021,180,4.15942029
504,16/03/2022,1:50,-4.7604,130.1021,180,4.15942029
505,16/03/2022,1:51,-4.7606,130.1021,180,4.15942029
506,16/03/2022,1:52,-4.7608,130.1021,180,4.15942029
507,16/03/2022,1:53,-4.761,130.1021,180,4.15942029
508,16/03/2022,1:54,-4.7612,130.1021,180,4.15942029
509,16/03/2022,1:55,-4.7614,130.1021,180,4.15942029
510,16/03/2022,1:56,-4.7615,130.1021,180,4.15942029
721,16/03/2022,5:27,-4.788,130.1019,182,4.15942029
